queue_length,plate_waste_fraction,menu_board_kcal,handwriting_neatness,good_lunch
43,0.575,2096,8.2,0
37,0.497,1924,5.2,0
43,0.348,2280,7.7,1
35,0.812,2015,4.8,0
28,0.377,2492,9.2,0
51,0.4,2394,2.8,1
30,0.304,2337,4.7,0
41,0.306,2297,3.0,0
42,0.591,1965,5.8,0
55,0.446,1901,3.6,1
49,0.503,2586,3.9,1
43,0.834,2177,6.7,0
21,0.353,1731,1.5,0
32,0.601,1890,6.4,0
73,0.206,1918,7.7,1
59,0.237,2095,6.5,1
31,0.814,2283,3.8,0
63,0.346,2211,5.3,1
29,0.096,2008,5.3,1
63,0.344,2804,4.3,1
42,0.052,1852,4.6,1
43,0.688,1168,6.4,0
31,0.785,2335,9.0,0
26,0.822,1844,4.3,0
8,0.465,1988,5.0,0
78,0.406,2598,2.4,1
73,0.496,2260,4.7,1
53,0.692,2018,4.0,0
22,0.502,2255,3.5,0
24,0.271,2211,6.6,1
23,0.376,1823,4.9,0
36,0.577,2151,6.4,1
39,0.244,2695,2.8,1
48,0.647,2162,6.0,1
18,0.452,2137,1.5,0
58,0.472,1772,6.0,1
13,0.04,2289,6.2,0
53,0.234,2260,7.0,1
44,0.499,2456,4.0,1
28,0.53,2666,5.0,0
56,0.377,2203,7.0,0
42,0.39,1383,9.0,1
49,0.135,1342,7.3,1
11,0.441,2165,6.4,0
17,0.431,1998,4.3,0
5,0.543,2489,9.3,0
53,0.597,2004,3.7,1
54,0.254,1717,3.4,1
31,0.228,2337,4.5,1
33,0.75,1860,3.5,0
46,0.272,904,6.9,1
41,0.612,1922,9.6,0
42,0.418,2363,8.2,0
0,0.169,1975,4.8,0
26,0.831,2174,4.6,0
60,0.508,2053,7.7,1
38,0.822,1964,7.3,0
35,0.478,1750,5.7,0
49,0.068,2077,8.3,1
30,0.562,2646,6.9,0
7,0.443,1828,4.4,0
35,0.75,2319,1.2,1
35,0.697,2486,7.1,0
16,0.705,2455,8.8,0
57,0.496,2058,4.7,0
16,0.952,2225,1.2,0
29,0.9,2552,7.5,0
36,0.913,1711,5.4,0
32,0.593,2109,6.7,0
43,0.517,1777,3.4,0
0,0.443,2695,8.5,0
57,0.313,2410,6.3,1
25,0.801,1656,4.9,0
31,0.864,2798,5.0,0
28,0.227,1841,3.3,0
40,0.196,1854,8.6,1
28,0.714,1702,6.1,0
56,0.5,2610,3.9,1
23,0.438,1990,5.0,0
29,0.462,1899,3.2,1
50,0.571,2628,2.9,1
61,0.472,1908,3.7,1
32,0.251,2037,6.3,0
47,0.577,2200,4.4,1
40,0.254,1985,2.8,1
45,0.332,2124,1.6,1
38,0.406,2528,4.4,1
46,0.738,1514,6.0,1
51,0.53,2702,3.7,0
29,0.317,2214,2.8,0
31,0.323,1985,6.5,0
34,0.308,1804,3.9,0
44,0.505,1935,7.3,1
49,0.656,2086,4.3,1
32,0.295,2218,7.0,1
13,0.395,2371,2.3,0
59,0.357,2135,1.1,1
12,0.712,1544,4.2,0
49,0.56,2432,5.3,1
25,0.618,1821,5.2,0
46,0.584,1925,4.8,0
42,0.718,2325,5.6,0
35,0.65,1696,7.3,1
32,0.633,2433,5.3,0
20,0.785,2099,2.2,0
41,0.508,2200,5.1,0
37,0.125,2229,8.0,1
41,0.788,1998,4.0,0
39,0.529,2299,5.3,0
46,0.498,1970,4.2,0
27,0.484,2096,1.1,0
61,0.946,2066,3.2,0
35,0.523,1751,8.3,1
60,0.863,1567,2.2,0
11,0.678,2271,4.7,0
16,0.495,1479,6.3,0
62,0.047,2738,7.1,1
27,0.41,2059,5.3,1
36,0.676,2095,3.3,0
29,0.397,2850,5.3,0
43,0.122,2147,1.9,1
7,0.57,2207,5.8,0
26,0.798,1575,5.4,0
46,0.171,2039,3.5,1
53,0.44,2437,6.7,1
36,0.678,1441,5.3,0
21,0.525,2186,5.8,0
47,0.38,1846,4.7,1
12,0.448,2494,7.9,0
45,0.363,1630,5.4,0
78,0.501,1476,5.5,1
64,0.476,2308,5.4,1
17,1.0,2438,7.3,0
35,0.412,1621,4.7,0
73,0.0,1954,7.6,1
30,0.065,2063,6.3,0
37,0.653,2023,5.1,0
22,0.458,2064,8.1,0
12,0.637,2547,3.4,0
15,0.155,1609,6.1,0
54,0.346,2190,5.5,0
46,0.09,2077,6.0,1
22,0.095,1592,5.0,0
60,0.403,2003,6.4,1
72,0.26,1355,2.8,1
27,0.41,2569,5.8,0
14,0.187,2194,7.4,0
26,0.555,1818,6.5,0
40,0.411,1900,3.5,0
39,0.317,1708,5.5,0
60,0.312,1082,4.5,1
18,0.495,2127,6.8,0
15,0.31,2127,7.4,0
12,0.667,2680,8.7,0
33,0.667,1579,4.2,0
77,0.329,1950,5.2,1
10,0.553,1721,4.9,0
42,0.531,1673,4.4,0
3,0.529,2185,3.8,0
4,0.788,1352,4.8,0
40,0.604,2526,5.0,1
33,0.306,1705,4.2,1
28,0.666,1852,2.5,0
47,0.291,2102,1.9,1
16,0.744,2423,1.0,0
48,0.604,1404,2.8,0
16,0.64,1460,5.9,0
41,0.254,1214,6.0,1
39,0.079,2529,1.9,1
23,0.669,1885,1.7,0
37,0.567,1464,1.7,0
32,0.337,2404,6.6,0
12,0.657,2088,4.7,0
28,0.737,2263,7.0,0
34,0.432,2623,6.9,0
34,0.991,2242,6.7,0
46,0.377,2373,1.0,1
40,0.731,1737,7.2,0
23,0.619,2132,3.9,0
36,0.365,1708,3.9,1
21,1.0,1847,3.7,0
23,0.246,2455,5.8,0
41,0.457,2145,2.4,0
33,0.139,1875,2.1,1
42,0.311,2415,3.4,0
29,0.446,2103,4.1,1
46,0.226,2414,6.8,1
2,0.465,2131,3.7,0
7,0.591,1993,3.2,0
54,0.325,2799,4.2,1
68,0.484,2112,3.2,0
49,0.572,1498,5.8,0
10,0.362,2156,4.6,0
75,0.415,1400,3.3,1
70,0.494,2370,4.1,1
68,0.722,1983,7.2,1
52,0.28,1620,5.9,1
46,0.481,1990,3.8,0
59,0.485,1398,7.7,1
36,0.507,2775,3.8,1
39,0.119,2447,4.7,1
49,0.445,2343,3.2,1
20,0.34,2610,5.5,0
59,0.533,2661,6.4,1
52,0.745,2026,6.0,1
60,0.557,2113,5.8,0
55,0.612,2180,5.1,1
33,0.726,2053,5.6,0
9,0.496,1399,5.5,0
45,0.7,2098,4.8,0
43,0.37,1129,6.3,0
32,0.377,1961,2.9,1
37,0.587,1900,4.5,0
34,0.163,1605,10.0,1
14,0.628,2442,6.8,0
18,0.272,1956,3.6,0
34,0.73,1652,5.6,0
27,0.481,1978,5.8,1
56,0.705,2131,5.5,0
39,0.314,1615,3.7,0
55,0.48,1824,2.1,1
25,0.033,1737,3.9,0
37,0.834,2027,5.9,0
16,0.801,1433,3.4,0
58,0.491,1620,3.1,0
70,0.188,2096,6.3,1
27,0.72,2706,5.2,0
26,0.615,1941,4.6,0
35,0.754,1818,6.6,0
35,0.295,2099,5.3,0
31,0.148,2049,7.9,1
22,0.607,2005,4.0,0
42,0.645,1603,5.2,1
31,0.515,2416,5.1,1
53,0.467,2099,5.2,1
38,0.725,1882,2.7,0
34,0.477,2066,4.6,0
71,0.161,1714,3.8,1
26,0.599,2308,5.2,0
13,0.295,2132,4.6,0
33,0.816,1653,4.7,0
39,0.502,2326,7.1,1
16,0.323,1790,7.6,1
36,0.415,2141,6.1,0
33,0.259,2266,8.1,0
33,0.212,1246,6.4,0
19,0.34,2323,2.9,0
60,0.44,2029,6.5,1
34,0.342,2006,5.2,1
57,0.735,2297,2.8,0
15,0.609,2193,1.0,0
53,0.08,1947,7.0,1
52,0.385,2379,3.9,1
23,0.546,2005,7.1,0
38,0.333,1921,6.2,1
36,0.579,2243,2.2,1
63,0.519,2000,8.1,1
56,0.324,1769,7.3,0
24,0.774,2009,3.1,1
43,0.485,1557,7.5,0
19,0.221,1962,2.0,0
23,0.383,1785,6.4,0
54,0.824,1870,5.1,1
70,0.53,2604,7.0,1
35,0.513,1691,7.9,0
40,0.433,2414,2.0,1
40,0.735,1555,6.6,0
35,0.406,2116,2.8,1
23,0.889,1348,5.7,0
84,0.162,1843,5.4,1
10,0.261,2377,1.7,1
46,0.636,2433,3.2,1
61,0.028,1990,8.3,1
53,0.287,1338,6.9,1
34,0.406,2234,5.1,1
36,1.0,1941,5.3,0
43,0.305,2049,3.9,0
56,0.079,2472,7.4,1
52,0.353,2095,8.8,1
30,0.308,2221,6.1,0
60,0.412,2225,2.9,1
62,0.199,2539,5.2,1
55,0.516,1925,4.0,1
43,0.277,2249,4.9,1
0,0.523,1672,4.3,0
6,0.126,1999,5.4,0
19,0.819,1584,2.5,0
30,0.602,1385,4.0,0
49,0.13,1954,2.3,1
54,0.684,1719,5.4,0
47,0.406,2505,4.0,1
22,0.509,2005,3.7,0
51,0.0,2031,5.9,1
64,0.139,2393,3.8,1
16,0.556,2377,3.9,0
31,0.47,1480,2.8,0
30,0.624,1841,3.5,0
13,0.687,1939,5.5,0
2,1.0,1850,10.0,0
50,0.679,1589,7.7,0
39,0.518,1524,2.8,0
68,0.492,1890,6.5,1
15,0.365,2320,4.4,0
17,0.44,1594,6.7,0
63,0.563,1774,5.0,1
31,0.705,893,7.2,0
60,0.234,2612,7.7,1
44,0.421,2451,6.6,0
27,0.717,2402,6.0,0
45,0.296,2448,3.7,0
25,0.544,2058,6.0,0
50,0.592,1571,7.6,0
27,0.495,1496,10.0,0
8,0.495,2061,4.3,0
22,0.379,1863,3.3,0
36,0.269,2378,9.7,0
50,0.314,2263,5.8,1
36,0.632,1648,8.9,1
38,0.425,1707,3.1,0
40,0.583,1907,5.0,1
44,0.792,1912,2.3,0
8,0.405,2105,5.1,0
14,0.415,2039,2.9,0
12,0.553,1784,9.9,0
39,0.264,1960,5.7,0
31,0.435,2256,7.6,1
41,0.031,2731,1.0,1
34,0.537,1955,7.0,1
46,0.44,2034,6.9,1
32,0.95,2168,6.5,0
23,0.863,1579,5.0,0
31,0.59,2391,4.2,0
35,0.732,2389,5.7,0
23,0.364,1340,4.1,0
63,0.133,2149,3.1,1
38,0.294,1991,4.7,1
33,0.389,2527,4.8,0
60,0.319,2209,3.3,1
32,0.417,1589,4.9,0
54,0.487,1738,5.4,1
20,0.533,1842,4.2,0
31,0.382,1661,8.2,0
29,0.387,2135,3.2,0
50,0.517,2163,1.9,0
48,0.588,2599,4.3,0
12,0.4,1815,4.4,0
12,0.288,2317,7.4,0
52,0.319,2422,5.2,1
41,0.159,2243,1.0,1
32,0.479,2154,6.0,0
37,0.142,2036,6.1,1
25,0.706,2077,1.8,0
25,0.293,2093,6.4,0
38,1.0,1915,6.6,0
43,0.182,1646,8.8,1
31,0.651,1848,3.2,0
47,0.098,2098,3.4,0
43,0.17,1868,5.5,1
37,0.788,2493,3.7,0
32,0.173,2145,8.0,1
29,0.5,1524,6.6,0
46,0.33,1355,3.6,1
72,0.187,1889,5.2,1
23,0.81,2127,4.5,0
10,0.48,2713,3.3,0
52,0.266,3169,1.7,1
13,0.364,2896,3.9,1
50,0.565,2780,8.6,0
63,0.333,1294,5.2,1
23,0.576,2158,5.8,0
32,0.678,1948,1.5,0
32,0.426,2462,1.6,0
26,0.542,1891,3.9,0
41,0.485,2103,6.5,1
43,0.502,1991,4.7,0
30,0.483,2221,6.2,0
16,0.343,2033,3.3,1
56,0.266,1935,4.1,1
59,0.622,1834,3.7,1
15,0.595,1874,3.8,0
47,0.0,2452,6.1,1
48,0.671,2408,6.0,0
25,0.5,1800,7.1,0
51,0.604,2472,6.3,1
16,0.619,1884,5.2,0
40,0.25,1488,7.2,0
28,0.521,1929,5.6,0
37,0.52,2081,4.8,0
49,0.012,2620,4.6,1
60,0.341,2641,1.8,1
38,0.081,1626,4.3,1
54,0.574,1565,4.4,1
49,0.351,1963,7.9,1
6,0.476,2005,6.8,0
67,0.227,2604,7.4,1
49,0.0,2357,5.1,1
64,0.407,2088,4.4,1
24,0.634,2143,8.9,0
34,0.346,2348,2.0,1
29,0.178,1993,6.5,1
41,0.231,2081,5.7,1
54,0.248,1740,3.5,0
65,0.467,1709,1.9,0
39,0.407,1701,7.3,1
39,0.413,1833,1.5,0
0,0.35,1824,4.6,0
52,0.626,2719,3.2,1
45,0.222,2059,8.0,1
38,0.458,2041,1.8,0
4,0.602,1563,9.4,0
79,0.153,3141,10.0,1
33,0.822,2219,9.3,0
34,0.357,1677,4.6,0
30,0.331,2924,8.3,1
49,0.175,1751,6.5,0
33,0.661,1945,9.7,0
25,0.607,1835,6.7,0
12,0.551,1893,3.6,0
52,0.49,1788,5.1,0
43,0.829,1221,5.3,0
29,0.496,2663,5.8,0
20,0.254,1426,7.0,0
45,0.324,1782,4.9,1
22,0.31,1597,5.2,0
44,0.34,1844,4.7,1
57,0.589,1709,1.8,0
37,0.606,2136,6.1,0
36,0.405,1730,6.2,0
7,0.108,2200,8.0,1
16,0.225,2009,4.1,0
42,0.328,2334,5.1,1
10,0.691,1367,3.4,0
42,0.34,2289,8.9,1
28,0.559,2712,7.1,0
29,0.53,2274,4.2,0
12,0.376,1918,3.0,0
51,0.476,2296,3.3,1
20,0.842,2667,9.6,0
0,0.547,2354,5.7,0
19,0.838,2338,4.4,0
43,0.58,2406,4.9,0
60,0.273,1900,2.3,1
28,0.107,2087,4.2,1
41,0.075,2100,3.3,1
58,0.356,1943,6.2,1
52,0.552,1783,4.3,1
42,0.42,1867,4.0,1
42,0.541,2769,7.2,1
50,0.514,2166,6.7,0
41,0.571,2465,5.8,1
40,0.358,2117,6.5,1
24,0.477,2233,6.1,0
22,0.792,2104,3.3,0
57,0.0,2307,4.8,1
55,0.306,1765,9.8,1
26,0.848,1542,5.1,0
28,0.609,1985,5.6,1
17,0.412,1816,2.7,0
11,0.625,1731,5.6,0
42,0.227,1654,6.3,0
33,0.843,1866,1.6,0
62,0.337,1782,6.4,1
26,0.316,2084,3.2,0
13,0.484,2516,6.7,0
20,0.778,2965,6.6,0
13,0.747,2363,4.5,0
45,0.589,1662,4.7,1
19,0.617,2065,2.4,0
30,0.587,2287,6.3,0
57,0.867,2190,6.3,0
36,0.771,1628,5.3,0
27,0.703,2064,4.1,0
19,0.309,2515,9.9,0
50,0.455,1299,3.1,1
39,0.422,1884,3.4,1
39,0.263,1829,3.9,1
38,0.871,2045,4.3,0
52,0.257,1942,7.0,1
57,0.164,1817,2.9,1
21,0.454,2274,2.7,0
29,0.388,1889,4.4,0
55,0.465,2340,7.8,1
25,0.604,1833,5.9,0
25,0.28,2445,5.0,0
40,0.684,1889,5.2,0
54,0.357,2479,1.0,1
11,0.56,1422,6.9,0
35,0.575,2020,3.3,0
38,0.322,1564,5.9,1
25,0.52,2456,7.3,0
15,0.826,2539,5.8,0
38,0.544,2282,2.1,0
61,0.349,1746,8.0,1
70,0.337,2172,8.6,1
19,0.804,1858,4.1,0
49,0.481,2423,5.7,1
34,0.307,2038,3.4,1
72,0.0,2053,4.2,1
39,0.113,2702,4.8,0
53,0.237,1962,1.4,1
